22RV1	SRR8616169	ACH-000956
2313287	SRR8616168	ACH-000948
253JBV	SRR8616167	ACH-000026
253J	SRR8616166	ACH-000011
42MGBA	SRR8616173	ACH-000323
5637	SRR8616172	ACH-000905
59M	SRR8616171	ACH-000520
639V	SRR8616170	ACH-000973
647V	SRR8616165	ACH-000896
697	SRR8616164	ACH-000070
769P	SRR8615643	ACH-000411
786O	SRR8615642	ACH-000649
8305C	SRR8615645	ACH-001306
8505C	SRR8615644	ACH-001307
8MGBA	SRR8615647	ACH-000137
A101D	SRR8615646	ACH-000008
A1207	SRR8615649	ACH-000283
A172	SRR8615648	ACH-000558
A204	SRR8615638	ACH-000201
A2058	SRR8615637	ACH-000788
A253	SRR8616018	ACH-000740
A2780	SRR8616019	ACH-000657
A375	SRR8616020	ACH-000219
A3KAW	SRR8616021	ACH-000697
A427	SRR8616014	ACH-000757
A498	SRR8616015	ACH-000555
A4FUK	SRR8616016	ACH-000157
A549	SRR8616017	ACH-000681
A673	SRR8616012	ACH-000052
A704	SRR8616013	ACH-000429
ABC1	SRR8615407	ACH-000528
ACCMESO1	SRR8615406	ACH-000086
ACHN	SRR8615405	ACH-000046
AGS	SRR8615404	ACH-000880
ALLSIL	SRR8615411	ACH-000105
AM38	SRR8615410	ACH-000269
AML193	SRR8615409	ACH-000557
AMO1	SRR8615408	ACH-000838
AN3CA	SRR8615413	ACH-000940
ASPC1	SRR8615412	ACH-000222
AU565	SRR8615774	ACH-000248
BC3C	SRR8615775	ACH-000593
BCP1	SRR8615772	ACH-000923
BCPAP	SRR8615773	ACH-000456
BDCM	SRR8615770	ACH-000080
BEN	SRR8615771	ACH-000603
BFTC905	SRR8615768	ACH-000802
BFTC909	SRR8615769	ACH-000792
BHT101	SRR8615776	ACH-000191
BHY	SRR8615777	ACH-000548
BICR16	SRR8616121	ACH-000503
BICR18	SRR8616120	ACH-000992
BICR22	SRR8616123	ACH-000794
BICR31	SRR8616122	ACH-000228
BICR56	SRR8616117	ACH-000771
BICR6	SRR8616116	ACH-000415
BL41	SRR8616119	ACH-000245
BL70	SRR8616118	ACH-000402
BT12	SRR8616125	ACH-000160
BT20	SRR8616124	ACH-000536
BT474	SRR8616195	ACH-000927
BT483	SRR8616196	ACH-000818
BT549	SRR8616197	ACH-000288
BV173	SRR8616198	ACH-000432
BXPC3	SRR8616199	ACH-000535
C2BBE1	SRR8616200	ACH-000009
C32	SRR8616201	ACH-000580
C8166	SRR8616202	ACH-000206
CA46	SRR8616193	ACH-000440
CACO2	SRR8616194	ACH-000003
CADOES1	SRR8615273	ACH-000210
CAKI1	SRR8615272	ACH-000433
CAKI2	SRR8615271	ACH-000234
CAL120	SRR8615270	ACH-000212
CAL12T	SRR8615269	ACH-000826
CAL148	SRR8615268	ACH-000902
CAL27	SRR8615267	ACH-000832
CAL29	SRR8615266	ACH-000142
CAL33	SRR8615265	ACH-000518
CAL51	SRR8615264	ACH-000856
CAL54	SRR8615315	ACH-000457
CAL62	SRR8615569	ACH-000174
CAL78	SRR8615527	ACH-000516
CAL851	SRR8615528	ACH-000857
CALU1	SRR8615533	ACH-000511
CALU3	SRR8615534	ACH-000392
CALU6	SRR8615531	ACH-000264
CAMA1	SRR8615532	ACH-000783
CAOV3	SRR8615507	ACH-000713
CAOV4	SRR8615508	ACH-000103
CAPAN1	SRR8615247	ACH-000354
CAPAN2	SRR8615246	ACH-000107
CAS1	SRR8615249	ACH-000464
CCFSTTG1	SRR8615248	ACH-000329
CCK81	SRR8615251	ACH-000963
CFPAC1	SRR8615250	ACH-000138
CH157MN	SRR8616082	ACH-000025
CHAGOK1	SRR8616079	ACH-000867
CHP126	SRR8615526	ACH-000136
CHP212	SRR8616083	ACH-000120
CI1	SRR8616137	ACH-000687
CJM	SRR8616138	ACH-000458
CL11	SRR8616139	ACH-000249
CL14	SRR8616140	ACH-000342
CL34	SRR8616141	ACH-000895
CL40	SRR8616142	ACH-000798
CMK	SRR8616143	ACH-000641
CMLT1	SRR8616144	ACH-000920
COLO201	SRR8616145	ACH-000253
COLO320	SRR8616146	ACH-000202
COLO668	SRR8615793	ACH-000803
COLO678	SRR8615792	ACH-000350
COLO679	SRR8615639	ACH-000805
COLO680N	SRR8615991	ACH-000717
COLO684	SRR8615789	ACH-000864
COLO741	SRR8615788	ACH-000582
COLO783	SRR8615787	ACH-000812
COLO792	SRR8615786	ACH-000968
COLO800	SRR8615618	ACH-000401
COLO829	SRR8615617	ACH-000644
CORL105	SRR8615963	ACH-000161
CORL23	SRR8615425	ACH-000662
CORL24	SRR8615422	ACH-000382
CORL279	SRR8615423	ACH-000257
CORL311	SRR8615428	ACH-000187
CORL47	SRR8615429	ACH-000695
CORL88	SRR8615426	ACH-000508
CORL95	SRR8615427	ACH-000743
COV318	SRR8615948	ACH-000256
COV362	SRR8615949	ACH-000278
COV434	SRR8615956	ACH-000123
COV644	SRR8615955	ACH-000608
CW2	SRR8615958	ACH-000998
D283MED	SRR8615957	ACH-000055
D341MED	SRR8615960	ACH-000095
DANG	SRR8615959	ACH-000243
DAOY	SRR8615962	ACH-000211
DAUDI	SRR8615961	ACH-000786
DB	SRR8615952	ACH-000334
DBTRG05MG	SRR8615953	ACH-000863
DEL	SRR8616006	ACH-000233
DETROIT562	SRR8616007	ACH-000207
DKMG	SRR8616008	ACH-000244
DM3	SRR8616009	ACH-000742
DMS114	SRR8616002	ACH-000530
DMS153	SRR8616003	ACH-000594
DMS273	SRR8616004	ACH-000749
DMS454	SRR8616005	ACH-000844
DMS53	SRR8615998	ACH-000698
DMS79	SRR8615893	ACH-000703
DND41	SRR8615632	ACH-000981
DOHH2	SRR8615631	ACH-000056
DU145	SRR8615300	ACH-000979
DU4475	SRR8615297	ACH-000258
DV90	SRR8615636	ACH-000925
EB1	SRR8615635	ACH-000877
EBC1	SRR8615634	ACH-000563
ECC10	SRR8615633	ACH-000560
ECC12	SRR8615624	ACH-000225
ECGI10	SRR8615274	ACH-000305
EFE184	SRR8615291	ACH-000435
EFM192A	SRR8615292	ACH-000117
EFM19	SRR8615289	ACH-000330
EFO21	SRR8615290	ACH-000308
EFO27	SRR8615287	ACH-000936
EHEB	SRR8615288	ACH-000038
EJM	SRR8615285	ACH-000821
EKVX	SRR8615286	ACH-000706
EM2	SRR8615293	ACH-000295
EN	SRR8615294	ACH-000978
EOL1	SRR8616218	ACH-000198
EPLC272H	SRR8616217	ACH-000585
ES2	SRR8616220	ACH-000906
ESS1	SRR8616219	ACH-000913
EW8	SRR8616214	ACH-000499
EWS502	SRR8616213	ACH-000279
F36P	SRR8616216	ACH-000487
FADU	SRR8616215	ACH-000846
FTC133	SRR8615869	ACH-000903
FTC238	SRR8615868	ACH-000897
FU97	SRR8615735	ACH-000633
FUOV1	SRR8615736	ACH-000574
G292CLONEA141B1	SRR8615737	ACH-000082
G361	SRR8615738	ACH-000572
G401	SRR8615739	ACH-000096
G402	SRR8615740	ACH-000375
GA10	SRR8615741	ACH-000162
GAMG	SRR8615742	ACH-000098
GB1	SRR8615732	ACH-000738
GCIY	SRR8615733	ACH-000047
GCT	SRR8615386	ACH-000835
GDM1	SRR8615385	ACH-000081
GI1	SRR8615384	ACH-000756
GMS10	SRR8615383	ACH-000102
GOS3	SRR8615382	ACH-000027
GP2D	SRR8615381	ACH-000982
GRANTA519	SRR8615380	ACH-000073
GSS	SRR8615379	ACH-000746
GSU	SRR8615389	ACH-000485
H4	SRR8615388	ACH-000389
HARA	SRR8615820	ACH-000843
HCC1143	SRR8615819	ACH-000374
HCC1171	SRR8615818	ACH-000578
HCC1187	SRR8615817	ACH-000111
HCC1195	SRR8615824	ACH-000868
HCC1359	SRR8615823	ACH-000901
HCC1395	SRR8615822	ACH-000699
HCC1419	SRR8615821	ACH-000277
HCC1428	SRR8615816	ACH-000352
HCC1438	SRR8615815	ACH-000891
HCC1500	SRR8616180	ACH-000349
HCC1569	SRR8616181	ACH-000930
HCC1588	SRR8616182	ACH-001078
HCC1599	SRR8616183	ACH-000196
HCC15	SRR8616176	ACH-000878
HCC1806	SRR8616177	ACH-000624
HCC1833	SRR8616178	ACH-000712
HCC1937	SRR8616179	ACH-000223
HCC1954	SRR8616174	ACH-000859
HCC202	SRR8616175	ACH-000725
HCC2108	SRR8615999	ACH-000314
HCC2157	SRR8615891	ACH-000691
HCC2218	SRR8616001	ACH-000755
HCC2279	SRR8616000	ACH-000731
HCC2429	SRR8615995	ACH-000143
HCC2450	SRR8615994	ACH-000975
HCC2814	SRR8615997	ACH-000690
HCC2935	SRR8615996	ACH-000150
HCC33	SRR8615900	ACH-000515
HCC364	SRR8615897	ACH-000575
HCC366	SRR8615457	ACH-000840
HCC38	SRR8615458	ACH-000276
HCC4006	SRR8615455	ACH-000066
HCC44	SRR8615456	ACH-000667
HCC461	SRR8615453	ACH-000339
HCC515	SRR8615454	ACH-000872
HCC56	SRR8615451	ACH-000467
HCC70	SRR8615452	ACH-000668
HCC78	SRR8615460	ACH-000562
HCC827GR5	SRR8615461	ACH-000029
HCC827	SRR8615284	ACH-000012
HCC95	SRR8615283	ACH-000454
HCT116	SRR8615282	ACH-000971
HCT15	SRR8615281	ACH-000997
HDLM2	SRR8615280	ACH-000267
HDMYZ	SRR8615279	ACH-000190
HDQP1	SRR8615278	ACH-000643
HEC108	SRR8615277	ACH-000990
HEC151	SRR8615276	ACH-000972
HEC1A	SRR8615275	ACH-000954
HEC1B	SRR8615621	ACH-000941
HEC251	SRR8615622	ACH-000996
HEC265	SRR8615623	ACH-000946
HEC50B	SRR8615588	ACH-000831
HEC59	SRR8615625	ACH-000994
HEC6	SRR8615626	ACH-000984
HEKTE	SRR8615627	ACH-000049
HEL9217	SRR8615628	ACH-000005
HELA	SRR8615629	ACH-001086
HEL	SRR8615630	ACH-000004
HEP3B217	SRR8616130	ACH-000625
HEPG2	SRR8616129	ACH-000739
HEYA8	SRR8616132	ACH-000542
HGC27	SRR8616131	ACH-000847
HH	SRR8616134	ACH-000061
HL60	SRR8616133	ACH-000002
HLFA	SRR8616136	ACH-000797
HLF	SRR8616135	ACH-000393
HMC18	SRR8616127	ACH-000721
HMCB	SRR8616126	ACH-000931
HMEL	SRR8616207	ACH-000642
HNT34	SRR8616208	ACH-000299
HOP62	SRR8616205	ACH-000861
HOP92	SRR8616206	ACH-000825
HOS	SRR8616211	ACH-000613
HPAC	SRR8616212	ACH-000270
HPAFII	SRR8616209	ACH-000094
HPBALL	SRR8616210	ACH-000942
HS172T	SRR8616203	ACH-000088
HS229T	SRR8616204	ACH-000131
HS255T	SRR8615417	ACH-000199
HS274T	SRR8615416	ACH-000134
HS281T	SRR8615415	ACH-000083
HS294T	SRR8615414	ACH-000014
HS343T	SRR8615421	ACH-000184
HS578T	SRR8615420	ACH-000148
HS600T	SRR8615419	ACH-000240
HS606T	SRR8615418	ACH-000540
HS611T	SRR8615966	ACH-000069
HS616T	SRR8615424	ACH-000063
HS618T	SRR8615782	ACH-000539
HS675T	SRR8615783	ACH-000214
HS683	SRR8615784	ACH-000067
HS688AT	SRR8615785	ACH-000306
HS695T	SRR8615778	ACH-000799
HS698T	SRR8615779	ACH-000850
HS706T	SRR8615780	ACH-000071
HS729	SRR8615781	ACH-000133
HS737T	SRR8615790	ACH-000185
HS739T	SRR8615791	ACH-000413
HS742T	SRR8615321	ACH-000230
HS746T	SRR8615322	ACH-000616
HS751T	SRR8615319	ACH-000165
HS766T	SRR8615320	ACH-000178
HS819T	SRR8615325	ACH-000224
HS821T	SRR8615326	ACH-000526
HS822T	SRR8615323	ACH-000229
HS834T	SRR8615324	ACH-000275
HS839T	SRR8615327	ACH-000180
HS840T	SRR8615328	ACH-000284
HS852T	SRR8615882	ACH-000274
HS863T	SRR8615881	ACH-000119
HS870T	SRR8615884	ACH-000340
HS888T	SRR8615883	ACH-000154
HS895T	SRR8615886	ACH-000043
HS934T	SRR8615885	ACH-000194
HS936T	SRR8615888	ACH-000801
HS939T	SRR8615887	ACH-000814
HS940T	SRR8615890	ACH-000135
HS944T	SRR8615889	ACH-000632
HSC2	SRR8616040	ACH-000472
HSC3	SRR8616041	ACH-000778
HSC4	SRR8616042	ACH-000546
HT1080	SRR8616043	ACH-000054
HT115	SRR8616044	ACH-000986
HT1197	SRR8616045	ACH-000547
HT1376	SRR8616046	ACH-000724
HT144	SRR8616047	ACH-000322
HT29	SRR8616032	ACH-000552
HT55	SRR8616033	ACH-000926
HT	SRR8615667	ACH-000914
HUCCT1	SRR8615666	ACH-000976
HUG1N	SRR8615665	ACH-000239
HUH1	SRR8615664	ACH-000475
HUH28	SRR8615663	ACH-000808
HUH6	SRR8615662	ACH-000671
HUH7	SRR8615661	ACH-000480
HUNS1	SRR8615660	ACH-000829
HUPT3	SRR8615669	ACH-000118
HUPT4	SRR8615668	ACH-000213
HUT102	SRR8615849	ACH-000612
HUT78	SRR8615850	ACH-000509
HUTU80	SRR8615847	ACH-000538
IALM	SRR8615848	ACH-000672
IGR1	SRR8615845	ACH-000882
IGR37	SRR8615846	ACH-000650
IGR39	SRR8615843	ACH-000550
IGROV1	SRR8615844	ACH-000966
IM95	SRR8615841	ACH-000919
IMR32	SRR8615842	ACH-000310
INA6	SRR8615492	ACH-000512
IOMMLEE	SRR8615491	ACH-000629
IPC298	SRR8615494	ACH-000915
ISHIKAWAHERAKLIO02ER	SRR8615493	ACH-000961
ISTMES1	SRR8615488	ACH-000569
ISTMES2	SRR8615487	ACH-000331
J82	SRR8615490	ACH-000396
JEKO1	SRR8615489	ACH-000357
JHESOAD1	SRR8615484	ACH-000216
JHH1	SRR8615483	ACH-000620
JHH2	SRR8615918	ACH-000577
JHH4	SRR8615919	ACH-000476
JHH5	SRR8615920	ACH-000734
JHH6	SRR8615921	ACH-000217
JHH7	SRR8615914	ACH-000848
JHOC5	SRR8615915	ACH-000324
JHOM1	SRR8615916	ACH-000237
JHOM2B	SRR8615917	ACH-000333
JHOS2	SRR8615922	ACH-000132
JHOS4	SRR8615923	ACH-000584
JHUEM1	SRR8615554	ACH-000928
JHUEM2	SRR8615553	ACH-000909
JHUEM3	SRR8615552	ACH-000173
JHUEM7	SRR8615551	ACH-000993
JIMT1	SRR8615558	ACH-000711
JJN3	SRR8615557	ACH-000653
JK1	SRR8615556	ACH-000241
JL1	SRR8615555	ACH-000645
JM1	SRR8615560	ACH-000151
JMSU1	SRR8615559	ACH-000753
JURKAT	SRR8615712	ACH-000995
JURLMK1	SRR8615713	ACH-000326
JVM2	SRR8615710	ACH-000106
JVM3	SRR8615711	ACH-000346
K029AX	SRR8615716	ACH-000404
K562	SRR8615717	ACH-000551
KALS1	SRR8615714	ACH-000231
KARPAS299	SRR8615715	ACH-000053
KARPAS422	SRR8615704	ACH-000315
KARPAS620	SRR8615705	ACH-000193
KASUMI1	SRR8615361	ACH-000263
KASUMI2	SRR8615360	ACH-000728
KASUMI6	SRR8615363	ACH-000166
KATOIII	SRR8615362	ACH-000793
KCL22	SRR8615365	ACH-000983
KD	SRR8615364	ACH-001099
KE37	SRR8615367	ACH-000101
KE39	SRR8615366	ACH-000507
KE97	SRR8615358	ACH-000167
KELLY	SRR8615357	ACH-000259
KG1C	SRR8615911	ACH-000126
KG1	SRR8615910	ACH-000386
KHM1B	SRR8615913	ACH-000564
KIJK	SRR8615912	ACH-000773
KLE	SRR8615907	ACH-000293
KM12	SRR8615906	ACH-000969
KMBC2	SRR8615909	ACH-000862
KMH2	SRR8615908	ACH-000815
KMM1	SRR8615903	ACH-000889
KMRC1	SRR8615902	ACH-000684
KMRC20	SRR8615355	ACH-000250
KMRC2	SRR8615356	ACH-000709
KMRC3	SRR8615353	ACH-000313
KMS11	SRR8615354	ACH-000714
KMS12BM	SRR8615351	ACH-000380
KMS18	SRR8615352	ACH-000658
KMS20	SRR8615349	ACH-000426
KMS21BM	SRR8615350	ACH-000598
KMS26	SRR8615347	ACH-000588
KMS27	SRR8615348	ACH-000576
KMS28BM	SRR8615942	ACH-000419
KMS34	SRR8615941	ACH-000541
KNS42	SRR8615703	ACH-000622
KNS60	SRR8615702	ACH-000445
KNS62	SRR8615709	ACH-000858
KNS81	SRR8615708	ACH-000479
KO52	SRR8615707	ACH-000498
KOPN8	SRR8615706	ACH-001106
KP2	SRR8615951	ACH-000281
KP3	SRR8615950	ACH-000108
KP4	SRR8616075	ACH-000265
KPL1	SRR8616076	ACH-000028
KPMRTRY	SRR8616077	ACH-001109
KPNRTBM1	SRR8616078	ACH-000345
KPNSI9S	SRR8616071	ACH-000446
KPNYN	SRR8616072	ACH-000227
KS1	SRR8616073	ACH-000631
KU1919	SRR8616074	ACH-000486
KU812	SRR8616080	ACH-000074
KURAMOCHI	SRR8616081	ACH-000524
KYM1	SRR8615391	ACH-000607
KYO1	SRR8615943	ACH-000604
KYSE140	SRR8616035	ACH-000823
KYSE150	SRR8616034	ACH-000855
KYSE180	SRR8616037	ACH-000693
KYSE270	SRR8616036	ACH-000873
KYSE30	SRR8616039	ACH-000777
KYSE410	SRR8616038	ACH-000809
KYSE450	SRR8615511	ACH-000865
KYSE510	SRR8615500	ACH-000824
KYSE520	SRR8615481	ACH-000637
KYSE70	SRR8615482	ACH-000784
L1236	SRR8615479	ACH-000702
L33	SRR8615480	ACH-000685
L363	SRR8615485	ACH-000183
L428	SRR8615486	ACH-000754
L540	SRR8615683	ACH-000806
LAMA84	SRR8615684	ACH-000301
LC1F	SRR8616103	ACH-000705
LCLC103H	SRR8616115	ACH-000627
LCLC97TM1	SRR8615719	ACH-000596
LI7	SRR8615387	ACH-000471
LK2	SRR8615840	ACH-000769
LMSU	SRR8615839	ACH-000255
LN18	SRR8615838	ACH-000819
LN215	SRR8615837	ACH-000328
LN229	SRR8615836	ACH-000595
LN235	SRR8615835	ACH-000591
LN319	SRR8615403	ACH-000128
LN340	SRR8615400	ACH-000634
LN382	SRR8615872	ACH-000215
LN428	SRR8615544	ACH-000455
LN443	SRR8615545	ACH-000673
LN464	SRR8615546	ACH-000676
LNCAPCLONEFGC	SRR8615547	ACH-000977
LNZ308	SRR8615548	ACH-000760
LOUCY	SRR8615549	ACH-000104
LOUNH91	SRR8615550	ACH-000176
LOVO	SRR8616185	ACH-000950
LOXIMVI	SRR8616186	ACH-000750
LP1	SRR8615397	ACH-000204
LS1034	SRR8615396	ACH-000252
LS123	SRR8615399	ACH-000501
LS180	SRR8615398	ACH-000957
LS411N	SRR8615393	ACH-000985
LS513	SRR8615392	ACH-000007
LU65	SRR8615395	ACH-000438
LU99	SRR8615394	ACH-000444
LUDLU1	SRR8615402	ACH-000390
LXF289	SRR8615401	ACH-000787
M059K	SRR8615761	ACH-000152
M07E	SRR8615762	ACH-000602
MALME3M	SRR8615759	ACH-000477
MC116	SRR8615760	ACH-000583
MCAS	SRR8615757	ACH-000796
MCF7	SRR8615758	ACH-000019
MDAMB134VI	SRR8615755	ACH-000044
MDAMB157	SRR8615756	ACH-000621
MDAMB175VII	SRR8615766	ACH-000759
MDAMB231	SRR8615767	ACH-000768
MDAMB361	SRR8615581	ACH-000934
MDAMB415	SRR8615582	ACH-000876
MDAMB435S	SRR8615583	ACH-000884
MDAMB436	SRR8615584	ACH-000573
MDAMB453	SRR8615577	ACH-000910
MDAMB468	SRR8615578	ACH-000849
MDAPCA2B	SRR8615579	ACH-000952
MDST8	SRR8615580	ACH-000935
ME1	SRR8615585	ACH-000439
MEC1	SRR8615586	ACH-000405
MEG01	SRR8615234	ACH-000072
MELHO	SRR8615233	ACH-000450
MELJUSO	SRR8615232	ACH-000881
MESSA	SRR8615231	ACH-000449
MEWO	SRR8615238	ACH-000987
MFE280	SRR8615237	ACH-000192
MFE296	SRR8615236	ACH-000879
MFE319	SRR8615235	ACH-000988
MG63	SRR8615240	ACH-000359
MHHCALL2	SRR8615239	ACH-000020
MHHCALL3	SRR8615523	ACH-000032
MHHCALL4	SRR8615524	ACH-000156
MHHES1	SRR8615521	ACH-000391
MHHNB11	SRR8615522	ACH-000078
MIAPACA2	SRR8615519	ACH-000601
MINO	SRR8615520	ACH-000220
MJ	SRR8615517	ACH-000077
MKN1	SRR8615518	ACH-000351
MKN45	SRR8615515	ACH-000356
MKN74	SRR8615516	ACH-000758
MKN7	SRR8616068	ACH-000678
ML1	SRR8616067	ACH-000058
MM1S	SRR8616070	ACH-000763
MOLM13	SRR8616069	ACH-000362
MOLM16	SRR8616064	ACH-000369
MOLM6	SRR8616063	ACH-000321
MOLP2	SRR8616066	ACH-000453
MOLP8	SRR8616065	ACH-000745
MOLT13	SRR8616061	ACH-000795
MOLT16	SRR8616060	ACH-000918
MOLT3	SRR8615694	ACH-000964
MONOMAC1	SRR8615695	ACH-001129
MONOMAC6	SRR8615696	ACH-000006
MON	SRR8615697	ACH-001128
MORCPR	SRR8615698	ACH-000851
MPP89	SRR8615699	ACH-000319
MSTO211H	SRR8615700	ACH-000335
MUTZ3	SRR8615701	ACH-000084
MUTZ5	SRR8615686	ACH-000492
MV411	SRR8615687	ACH-000045
NALM19	SRR8615318	ACH-000130
NALM1	SRR8615314	ACH-000462
NALM6	SRR8615346	ACH-000938
NAMALWA	SRR8615345	ACH-000944
NB1	SRR8615344	ACH-000804
NB4	SRR8615343	ACH-000294
NCCSTCK140	SRR8615342	ACH-000110
NCIH1048	SRR8615341	ACH-000866
NCIH1092	SRR8615331	ACH-000514
NCIH1105	SRR8615329	ACH-000780
NCIH1155	SRR8615600	ACH-000980
NCIH1184	SRR8615901	ACH-000523
NCIH1299	SRR8615898	ACH-000510
NCIH1339	SRR8615899	ACH-000921
NCIH1341	SRR8615904	ACH-000129
NCIH1355	SRR8615905	ACH-000666
NCIH1373	SRR8615612	ACH-000845
NCIH1385	SRR8615616	ACH-000737
NCIH1395	SRR8615945	ACH-000327
NCIH1435	SRR8615589	ACH-000852
NCIH1436	SRR8615946	ACH-000830
NCIH1437	SRR8615944	ACH-000589
NCIH146	SRR8616188	ACH-000506
NCIH1563	SRR8616187	ACH-000892
NCIH1568	SRR8616190	ACH-000869
NCIH1573	SRR8616189	ACH-000916
NCIH1581	SRR8616192	ACH-000015
NCIH1618	SRR8616191	ACH-000179
NCIH1623	SRR8616062	ACH-000744
NCIH1648	SRR8615954	ACH-000766
NCIH1650	SRR8615987	ACH-000035
NCIH1651	SRR8615988	ACH-000893
NCIH1666	SRR8615989	ACH-000448
NCIH1693	SRR8615990	ACH-000021
NCIH1694	SRR8615983	ACH-000431
NCIH1703	SRR8615984	ACH-000747
NCIH1734	SRR8615985	ACH-000675
NCIH1755	SRR8615986	ACH-000282
NCIH1781	SRR8615979	ACH-000379
NCIH1792	SRR8615980	ACH-000496
NCIH1793	SRR8615611	ACH-000888
NCIH1819	SRR8615610	ACH-000033
NCIH1836	SRR8615609	ACH-000559
NCIH1838	SRR8615608	ACH-000733
NCIH1869	SRR8615615	ACH-000894
NCIH1876	SRR8615614	ACH-000586
NCIH1915	SRR8615613	ACH-000434
NCIH1930	SRR8615764	ACH-000870
NCIH1944	SRR8615603	ACH-000414
NCIH1963	SRR8615602	ACH-000729
NCIH196	SRR8615261	ACH-000752
NCIH1975	SRR8615260	ACH-000587
NCIH2004RT	SRR8615259	ACH-000533
NCIH2009	SRR8615258	ACH-000886
NCIH2023	SRR8615257	ACH-000781
NCIH2029	SRR8615256	ACH-000298
NCIH2030	SRR8615255	ACH-000521
NCIH2052	SRR8615254	ACH-000153
NCIH2066	SRR8615253	ACH-000727
NCIH2073	SRR8615252	ACH-000590
NCIH2077	SRR8615794	ACH-000010
NCIH2081	SRR8615601	ACH-000394
NCIH2085	SRR8615796	ACH-000451
NCIH2087	SRR8615802	ACH-000841
NCIH209	SRR8615604	ACH-000290
NCIH2106	SRR8615605	ACH-000904
NCIH2110	SRR8615606	ACH-000929
NCIH211	SRR8615607	ACH-000639
NCIH2122	SRR8615813	ACH-000311
NCIH2126	SRR8615814	ACH-000785
NCIH2170	SRR8616108	ACH-000481
NCIH2171	SRR8616107	ACH-000525
NCIH2172	SRR8616110	ACH-000924
NCIH2196	SRR8616109	ACH-000399
NCIH2227	SRR8616112	ACH-000610
NCIH2228	SRR8616111	ACH-000447
NCIH226	SRR8616114	ACH-000367
NCIH2286	SRR8616113	ACH-000912
NCIH2291	SRR8616106	ACH-000718
NCIH2342	SRR8616105	ACH-000951
NCIH2347	SRR8615537	ACH-000875
NCIH23	SRR8615538	ACH-000900
NCIH2405	SRR8615535	ACH-000121
NCIH2444	SRR8615536	ACH-000186
NCIH2452	SRR8615541	ACH-000092
NCIH2882	SRR8615542	ACH-000700
NCIH2887	SRR8615539	ACH-000251
NCIH28	SRR8615540	ACH-000648
NCIH292	SRR8615529	ACH-001075
NCIH3122	SRR8615530	ACH-000337
NCIH322	SRR8615807	ACH-000837
NCIH3255	SRR8615806	ACH-000109
NCIH358	SRR8615805	ACH-000860
NCIH441	SRR8615804	ACH-000638
NCIH446	SRR8615811	ACH-000800
NCIH460	SRR8615810	ACH-000463
NCIH508	SRR8615809	ACH-000360
NCIH510	SRR8615808	ACH-000871
NCIH520	SRR8615799	ACH-000395
NCIH522	SRR8615798	ACH-000343
NCIH524	SRR8616160	ACH-000816
NCIH526	SRR8616161	ACH-000767
NCIH596	SRR8616162	ACH-000628
NCIH647	SRR8616163	ACH-000378
NCIH650	SRR8616156	ACH-000945
NCIH660	SRR8616157	ACH-000177
NCIH661	SRR8616158	ACH-000853
NCIH684	SRR8616159	ACH-000089
NCIH69	SRR8616152	ACH-000358
NCIH716	SRR8616153	ACH-000491
NCIH727	SRR8615465	ACH-000775
NCIH747	SRR8615462	ACH-000403
NCIH810	SRR8615982	ACH-000789
NCIH82	SRR8615981	ACH-000355
NCIH838	SRR8615976	ACH-000416
NCIH841	SRR8615975	ACH-000292
NCIH854	SRR8615978	ACH-000710
NCIH889	SRR8615977	ACH-000297
NCIH929	SRR8615498	ACH-000050
NCIN87	SRR8615495	ACH-000427
NCO2	SRR8615446	ACH-000076
NH6	SRR8615447	ACH-000203
NHAHTDD	SRR8615444	ACH-001142
NIHOVCAR3	SRR8615445	ACH-000001
NMCG1	SRR8615442	ACH-000200
NOMO1	SRR8615443	ACH-000168
NUDHL1	SRR8615440	ACH-000388
NUDUL1	SRR8615441	ACH-000287
NUGC2	SRR8615449	ACH-000761
NUGC3	SRR8615450	ACH-000911
NUGC4	SRR8615244	ACH-000674
OAW28	SRR8615243	ACH-000116
OAW42	SRR8615514	ACH-000704
OC314	SRR8615513	ACH-000962
OCIAML2	SRR8615512	ACH-000113
OCIAML3	SRR8615242	ACH-000336
OCIAML5	SRR8615510	ACH-000065
OCILY19	SRR8615509	ACH-000124
OCILY3	SRR8615263	ACH-000158
OCIM1	SRR8615262	ACH-000751
OCIMY5	SRR8615223	ACH-000854
OCIMY7	SRR8615224	ACH-000436
OCUM1	SRR8615225	ACH-000247
OE19	SRR8615226	ACH-000679
OE21	SRR8615227	ACH-000544
OE33	SRR8615228	ACH-000383
OELE	SRR8615229	ACH-000494
ONCODG1	SRR8615230	ACH-000013
ONS76	SRR8615867	ACH-000776
OPM1	SRR8615543	ACH-000057
OPM2	SRR8615877	ACH-000024
OSRC2	SRR8615878	ACH-000159
OUMS23	SRR8615875	ACH-000296
OV56	SRR8615876	ACH-000091
OV7	SRR8615873	ACH-000688
OV90	SRR8615874	ACH-000291
OVCAR4	SRR8615870	ACH-000617
OVCAR8	SRR8615871	ACH-000696
OVISE	SRR8615879	ACH-000527
OVK18	SRR8615880	ACH-000947
OVKATE	SRR8615753	ACH-000443
OVMANA	SRR8615734	ACH-000646
OVSAHO	SRR8616155	ACH-000409
OVTOKO	SRR8616154	ACH-000663
P12ICHIKAWA	SRR8616149	ACH-000372
P31FUJ	SRR8616148	ACH-000770
P3HR1	SRR8616151	ACH-000707
PANC0203	SRR8616150	ACH-000042
PANC0213	SRR8615241	ACH-000031
PANC0327	SRR8615436	ACH-000139
PANC0403	SRR8615765	ACH-000235
PANC0504	SRR8615370	ACH-000093
PANC0813	SRR8615371	ACH-000417
PANC1005	SRR8615377	ACH-000060
PANC1	SRR8615685	ACH-000164
PATU8902	SRR8615691	ACH-000599
PATU8988S	SRR8615795	ACH-000022
PATU8988T	SRR8615359	ACH-000023
PC14	SRR8615640	ACH-000030
PC3	SRR8615641	ACH-000090
PC9	SRR8615301	ACH-000779
PECAPJ15	SRR8615670	ACH-000619
PECAPJ34CLONEC12	SRR8615299	ACH-000606
PECAPJ41CLONED2	SRR8615298	ACH-000732
PECAPJ49	SRR8615305	ACH-000735
PEER	SRR8615304	ACH-000519
PF382	SRR8615303	ACH-000937
PFEIFFER	SRR8615302	ACH-000140
PK1	SRR8615296	ACH-000307
PK45H	SRR8615295	ACH-000468
PK59	SRR8615969	ACH-000205
PL21	SRR8615970	ACH-000218
PLB985	SRR8615967	ACH-000034
PLCPRF5	SRR8615968	ACH-001318
PRECLH	SRR8615973	ACH-000170
PSN1	SRR8615974	ACH-000320
QGP1	SRR8615971	ACH-000347
RAJI	SRR8615972	ACH-000654
RCC10RGB	SRR8615964	ACH-000189
RCHACV	SRR8615965	ACH-000922
RCM1	SRR8615593	ACH-000565
RDES	SRR8615592	ACH-000041
RD	SRR8615595	ACH-000169
REC1	SRR8615594	ACH-000068
REH	SRR8615597	ACH-000960
RERFGC1B	SRR8615596	ACH-000144
RERFLCAD1	SRR8615599	ACH-000791
RERFLCAD2	SRR8615598	ACH-000774
RERFLCAI	SRR8615591	ACH-000261
RERFLCKJ	SRR8615590	ACH-000482
RERFLCMS	SRR8615993	ACH-000062
RERFLCSQ1	SRR8615797	ACH-000442
RH18	SRR8615718	ACH-000689
RH30	SRR8615722	ACH-000833
RH41	SRR8615800	ACH-000100
RI1	SRR8615801	ACH-000398
RKN	SRR8616094	ACH-000505
RKO	SRR8615803	ACH-000943
RL952	SRR8615743	ACH-000965
RL	SRR8615747	ACH-000371
RMGI	SRR8615439	ACH-000719
RMUGS	SRR8615438	ACH-000701
RPMI7951	SRR8615437	ACH-000348
RPMI8226	SRR8616028	ACH-000817
RPMI8402	SRR8615435	ACH-000636
RS411	SRR8615434	ACH-000874
RS5	SRR8615433	ACH-000531
RT112	SRR8615432	ACH-000473
RT4	SRR8615431	ACH-000242
RVH421	SRR8615430	ACH-000614
S117	SRR8615587	ACH-000037
SALE	SRR8616104	ACH-000064
SAOS2	SRR8616101	ACH-000410
SBC5	SRR8616102	ACH-000670
SCABER	SRR8616099	ACH-000839
SCC15	SRR8616100	ACH-000254
SCC25	SRR8616097	ACH-000188
SCC4	SRR8616098	ACH-000238
SCC9	SRR8616095	ACH-000181
SCLC21H	SRR8616096	ACH-000659
SEM	SRR8615750	ACH-000782
SET2	SRR8615749	ACH-000195
SF126	SRR8615752	ACH-000609
SF172	SRR8615751	ACH-000887
SF268	SRR8615746	ACH-000655
SF295	SRR8615745	ACH-000376
SF539	SRR8615748	ACH-000273
SF767	SRR8615330	ACH-000490
SH10TC	SRR8615744	ACH-000764
SH4	SRR8616090	ACH-000441
SHP77	SRR8615674	ACH-000790
SIGM5	SRR8615673	ACH-000112
SIHA	SRR8615676	ACH-000556
SIMA	SRR8615675	ACH-000099
SJSA1	SRR8615678	ACH-000748
SKBR3	SRR8615677	ACH-000017
SKCO1	SRR8615680	ACH-000400
SKES1	SRR8615679	ACH-000087
SKHEP1	SRR8615682	ACH-000361
SKLMS1	SRR8615681	ACH-000145
SKLU1	SRR8616050	ACH-000309
SKM1	SRR8616051	ACH-000373
SKMEL1	SRR8616048	ACH-000465
SKMEL24	SRR8616049	ACH-000822
SKMEL28	SRR8616054	ACH-000615
SKMEL30	SRR8616055	ACH-000810
SKMEL31	SRR8616052	ACH-000640
SKMEL3	SRR8616053	ACH-000423
SKMEL5	SRR8616056	ACH-000730
SKMES1	SRR8616057	ACH-000665
SKMM2	SRR8615503	ACH-000363
SKNAS	SRR8615502	ACH-000260
SKNBE2	SRR8615501	ACH-000312
SKNDZ	SRR8616147	ACH-000366
SKNEP1	SRR8615499	ACH-001192
SKNFI	SRR8615940	ACH-000341
SKNMC	SRR8615497	ACH-000039
SKNO1	SRR8615496	ACH-001656
SKNSH	SRR8615506	ACH-000149
SKOV3	SRR8615505	ACH-000811
SKPNDW	SRR8615859	ACH-001193
SKRC20	SRR8615860	ACH-000385
SKUT1	SRR8615861	ACH-000939
SLR20	SRR8615862	ACH-000127
SLR21	SRR8615863	ACH-000016
SLR23	SRR8615864	ACH-000246
SLR24	SRR8615865	ACH-000272
SLR25	SRR8615866	ACH-000300
SLR26	SRR8615851	ACH-000600
SNB75	SRR8615852	ACH-000504
SNGM	SRR8615574	ACH-000974
SNU1033	SRR8615573	ACH-000286
SNU1040	SRR8615576	ACH-000999
SNU1041	SRR8615575	ACH-000618
SNU1066	SRR8615570	ACH-000682
SNU1076	SRR8615525	ACH-000549
SNU1077	SRR8615572	ACH-000302
SNU1079	SRR8615571	ACH-000209
SNU1105	SRR8615566	ACH-000368
SNU1196	SRR8615565	ACH-000461
SNU1197	SRR8615938	ACH-000412
SNU119	SRR8615939	ACH-000635
SNU1214	SRR8615936	ACH-000715
SNU1272	SRR8615937	ACH-000513
SNU16	SRR8615934	ACH-000581
SNU175	SRR8615935	ACH-000989
SNU182	SRR8615932	ACH-000483
SNU1	SRR8615933	ACH-000932
SNU201	SRR8615930	ACH-000623
SNU213	SRR8615931	ACH-000266
SNU216	SRR8615309	ACH-000466
SNU245	SRR8615308	ACH-000268
SNU283	SRR8615307	ACH-000708
SNU308	SRR8615306	ACH-000141
SNU324	SRR8615313	ACH-000933
SNU349	SRR8615312	ACH-000907
SNU387	SRR8615311	ACH-000478
SNU398	SRR8615310	ACH-000221
SNU407	SRR8615317	ACH-000955
SNU410	SRR8615316	ACH-000517
SNU423	SRR8615654	ACH-000493
SNU449	SRR8615655	ACH-000420
SNU466	SRR8615656	ACH-000289
SNU46	SRR8615657	ACH-000500
SNU475	SRR8615650	ACH-000422
SNU478	SRR8615651	ACH-000377
SNU489	SRR8615652	ACH-000543
SNU503	SRR8615653	ACH-000683
SNU520	SRR8615658	ACH-000908
SNU5	SRR8615659	ACH-000303
SNU601	SRR8616025	ACH-000736
SNU61	SRR8616024	ACH-000532
SNU620	SRR8616027	ACH-000325
SNU626	SRR8616026	ACH-000370
SNU668	SRR8616029	ACH-000344
SNU685	SRR8615992	ACH-000407
SNU719	SRR8616031	ACH-000898
SNU738	SRR8616030	ACH-000807
SNU761	SRR8616023	ACH-000537
SNU81	SRR8616022	ACH-000991
SNU840	SRR8615473	ACH-000280
SNU869	SRR8615474	ACH-000182
SNU878	SRR8615471	ACH-000686
SNU886	SRR8615472	ACH-000316
SNU899	SRR8615477	ACH-000692
SNU8	SRR8615478	ACH-000460
SNUC1	SRR8615475	ACH-000722
SNUC2A	SRR8615476	ACH-000967
SNUC4	SRR8615619	ACH-000959
SNUC5	SRR8615466	ACH-000970
SQ1	SRR8616184	ACH-000553
SR786	SRR8615372	ACH-000338
ST486	SRR8615373	ACH-000567
STM9101	SRR8615374	ACH-001200
SU8686	SRR8615375	ACH-000114
SUDHL10	SRR8615376	ACH-000271
SUDHL1	SRR8615448	ACH-000664
SUDHL4	SRR8615378	ACH-000365
SUDHL5	SRR8615368	ACH-000660
SUDHL6	SRR8615369	ACH-000611
SUDHL8	SRR8615947	ACH-000656
SUIT2	SRR8616011	ACH-000652
SUPB15	SRR8615929	ACH-000059
SUPM2	SRR8615928	ACH-000226
SUPT11	SRR8615927	ACH-000122
SUPT1	SRR8615926	ACH-000953
SW1088	SRR8615925	ACH-000437
SW1116	SRR8615924	ACH-000489
SW1271	SRR8615245	ACH-000890
SW1353	SRR8615763	ACH-000418
SW1417	SRR8615563	ACH-000236
SW1463	SRR8615564	ACH-000470
SW1573	SRR8615561	ACH-000677
SW1710	SRR8615562	ACH-000566
SW1783	SRR8615567	ACH-000883
SW1990	SRR8615568	ACH-000155
SW403	SRR8616058	ACH-000820
SW480	SRR8616059	ACH-000842
SW48	SRR8615504	ACH-000958
SW579	SRR8615892	ACH-000163
SW620	SRR8615459	ACH-000651
SW780	SRR8615671	ACH-000384
SW837	SRR8615854	ACH-000421
SW900	SRR8615853	ACH-000669
SW948	SRR8615856	ACH-000680
T173	SRR8615855	ACH-000529
T24	SRR8615858	ACH-000018
T3M10	SRR8615857	ACH-000813
T3M4	SRR8616010	ACH-000085
T47D	SRR8615812	ACH-000147
T84	SRR8615829	ACH-000381
T98G	SRR8615830	ACH-000571
TALL1	SRR8615831	ACH-000197
TC71	SRR8615832	ACH-000424
TCCPAN2	SRR8615825	ACH-000502
TCCSUP	SRR8615826	ACH-000720
TE10	SRR8615827	ACH-000318
TE11	SRR8615828	ACH-000488
TE125T	SRR8615833	ACH-000079
TE14	SRR8615834	ACH-000726
TE159T	SRR8615620	ACH-000175
TE15	SRR8615222	ACH-000353
TE1	SRR8615464	ACH-000647
TE441T	SRR8615463	ACH-000772
TE4	SRR8615470	ACH-000917
TE5	SRR8615469	ACH-000408
TE617T	SRR8615468	ACH-000051
TE6	SRR8615467	ACH-000605
TE8	SRR8615390	ACH-000452
TE9	SRR8616128	ACH-000694
TEN	SRR8616092	ACH-000397
TF1	SRR8616093	ACH-000387
TGBC11TKB	SRR8615672	ACH-000949
THP1	SRR8616091	ACH-000146
TIG3TD	SRR8616088	ACH-001207
TM31	SRR8616089	ACH-000592
TM87	SRR8616086	ACH-000172
TO175T	SRR8616087	ACH-000125
TOLEDO	SRR8616084	ACH-000285
TOV112D	SRR8616085	ACH-000048
TOV21G	SRR8615729	ACH-000885
TT2609C02	SRR8615728	ACH-000716
TTC1240	SRR8615731	ACH-001210
TTC549	SRR8615730	ACH-001211
TTC642	SRR8615725	ACH-001212
TTC709	SRR8615724	ACH-000597
TT	SRR8615727	ACH-000561
TT	SRR8615726	ACH-001321
TUHR10TKB	SRR8615721	ACH-000459
TUHR14TKB	SRR8615720	ACH-000317
TUHR4TKB	SRR8615894	ACH-000495
TYKNU	SRR8615895	ACH-000430
U118MG	SRR8615688	ACH-000040
U178	SRR8615689	ACH-000208
U251MG	SRR8615690	ACH-000232
U266B1	SRR8615896	ACH-000626
U2OS	SRR8615692	ACH-000364
U343	SRR8615693	ACH-000036
U87MG	SRR8615723	ACH-000075
U937	SRR8615754	ACH-000406
UACC257	SRR8615340	ACH-000579
UACC62	SRR8615339	ACH-000425
UACC812	SRR8615338	ACH-000568
UACC893	SRR8615337	ACH-000554
UBLC1	SRR8615336	ACH-000741
UMUC1	SRR8615335	ACH-000834
UMUC3	SRR8615334	ACH-000522
UO31	SRR8615333	ACH-000428
UOK101	SRR8615332	ACH-000262
VCAP	SRR8618305	ACH-000115
VMCUB1	SRR8618300	ACH-000545
VMRCRCW	SRR8618317	ACH-000484
VMRCRCZ	SRR8618315	ACH-000171
WM115	SRR8618318	ACH-000304
WM1799	SRR8618316	ACH-000661
WM2664	SRR8618314	ACH-001239
WM793	SRR8618319	ACH-000827
WM88	SRR8618303	ACH-000899
WM983B	SRR8618302	ACH-000765
WSUDLCL2	SRR8618307	ACH-000534
YAPC	SRR8618306	ACH-000332
YD10B	SRR8618309	ACH-000723
YD15	SRR8618308	ACH-000836
YD38	SRR8618311	ACH-000762
YD8	SRR8618310	ACH-000630
YH13	SRR8618313	ACH-000469
YKG1	SRR8618312	ACH-000570
ZR751	SRR8618301	ACH-000097
ZR7530	SRR8618304	ACH-000828
